{
	"info": {
		"_postman_id": "45486aba-d7c6-4d54-82a1-ae664067d3a1",
		"name": "Secure File Sharing System",
		"schema": "https://schema.getpostman.com/json/collection/v2.1.0/collection.json",
		"_exporter_id": "32632567"
	},
	"item": [
		{
			"name": "SignUp",
			"event": [
				{
					"listen": "prerequest",
					"script": {
						"exec": [
							""
						],
						"type": "text/javascript",
						"packages": {}
					}
				},
				{
					"listen": "test",
					"script": {
						"exec": [
							"pm.test(\"New User\", function () {\r",
							"    var jsonData = pm.response.json();\r",
							"    pm.expect(jsonData.message).to.contains(\"User created successfully.\");\r",
							"});\r",
							""
						],
						"type": "text/javascript",
						"packages": {}
					}
				}
			],
			"request": {
				"method": "POST",
				"header": [],
				"body": {
					"mode": "raw",
					"raw": "{\r\n    \"email\": \"yashank94@gmail.com\",\r\n    \"password\": \"yashank8\"\r\n}",
					"options": {
						"raw": {
							"language": "json"
						}
					}
				},
				"url": {
					"raw": "http://127.0.0.1:5000/signup",
					"protocol": "http",
					"host": [
						"127",
						"0",
						"0",
						"1"
					],
					"port": "5000",
					"path": [
						"signup"
					]
				}
			},
			"response": []
		},
		{
			"name": "SignUp User Already Exists",
			"event": [
				{
					"listen": "prerequest",
					"script": {
						"exec": [
							""
						],
						"type": "text/javascript",
						"packages": {}
					}
				},
				{
					"listen": "test",
					"script": {
						"exec": [
							"pm.test(\"User already exists\", function () {\r",
							"    var jsonData = pm.response.json();\r",
							"    pm.expect(jsonData.message).to.contains(\"User already exists!\");\r",
							"});\r",
							""
						],
						"type": "text/javascript",
						"packages": {}
					}
				}
			],
			"request": {
				"method": "POST",
				"header": [],
				"body": {
					"mode": "raw",
					"raw": "{\r\n    \"email\": \"test@example.com\",\r\n    \"password\": \"testpass\"\r\n}",
					"options": {
						"raw": {
							"language": "json"
						}
					}
				},
				"url": {
					"raw": "http://127.0.0.1:5000/signup",
					"protocol": "http",
					"host": [
						"127",
						"0",
						"0",
						"1"
					],
					"port": "5000",
					"path": [
						"signup"
					]
				}
			},
			"response": []
		},
		{
			"name": "Login",
			"event": [
				{
					"listen": "test",
					"script": {
						"exec": [
							"pm.test(\"Correct Credentials\", function () {\r",
							"    var jsonData = pm.response.json();\r",
							"    pm.expect(jsonData.token).to.not.undefined;\r",
							"});"
						],
						"type": "text/javascript",
						"packages": {}
					}
				}
			],
			"request": {
				"method": "POST",
				"header": [],
				"body": {
					"mode": "raw",
					"raw": "{\r\n    \"email\": \"test@example.com\",\r\n    \"password\": \"testpass\"\r\n}",
					"options": {
						"raw": {
							"language": "json"
						}
					}
				},
				"url": {
					"raw": "http://127.0.0.1:5000/login",
					"protocol": "http",
					"host": [
						"127",
						"0",
						"0",
						"1"
					],
					"port": "5000",
					"path": [
						"login"
					]
				}
			},
			"response": []
		},
		{
			"name": "Login Bad Credentials",
			"event": [
				{
					"listen": "test",
					"script": {
						"exec": [
							"pm.test(\"Invalid Credentials\", function () {\r",
							"    var jsonData = pm.response.json();\r",
							"    pm.expect(jsonData.message).to.eql(\"Invalid credentials\");\r",
							"});"
						],
						"type": "text/javascript",
						"packages": {}
					}
				}
			],
			"request": {
				"method": "POST",
				"header": [],
				"body": {
					"mode": "raw",
					"raw": "{\r\n    \"email\": \"test@example.com\",\r\n    \"password\": \"badpass\"\r\n}",
					"options": {
						"raw": {
							"language": "json"
						}
					}
				},
				"url": {
					"raw": "http://127.0.0.1:5000/login",
					"protocol": "http",
					"host": [
						"127",
						"0",
						"0",
						"1"
					],
					"port": "5000",
					"path": [
						"login"
					]
				}
			},
			"response": []
		},
		{
			"name": "Login Unverified",
			"event": [
				{
					"listen": "test",
					"script": {
						"exec": [
							"pm.test(\"Unverified login\", function () {\r",
							"    var jsonData = pm.response.json();\r",
							"    pm.expect(jsonData.message).to.eql(\"Please verify your email first\");\r",
							"});"
						],
						"type": "text/javascript",
						"packages": {}
					}
				}
			],
			"request": {
				"method": "POST",
				"header": [],
				"body": {
					"mode": "raw",
					"raw": "{\r\n    \"email\": \"yashank94@gmail.com\",\r\n    \"password\": \"yashank8\"\r\n}",
					"options": {
						"raw": {
							"language": "json"
						}
					}
				},
				"url": {
					"raw": "http://127.0.0.1:5000/login",
					"protocol": "http",
					"host": [
						"127",
						"0",
						"0",
						"1"
					],
					"port": "5000",
					"path": [
						"login"
					]
				}
			},
			"response": []
		},
		{
			"name": "Verify Email",
			"event": [
				{
					"listen": "test",
					"script": {
						"exec": [
							"pm.test(\"Email verify\", function () {\r",
							"    var jsonData = pm.response.json();\r",
							"    pm.expect(jsonData.message).to.eql(\"Email verified successfully\");\r",
							"});"
						],
						"type": "text/javascript",
						"packages": {}
					}
				}
			],
			"request": {
				"method": "GET",
				"header": [],
				"url": {
					"raw": "http://127.0.0.1:5000//verify-email/eyJhbGciOiJIUzI1NiIsInR5cCI6IkpXVCJ9.eyJ1c2VyX2lkIjoiNjZmOGU2NGQwYjA1ZTUwNjhhMWVkYzQ5IiwiZXhwIjoxNzI3Njc0Mzg3fQ.6BmibkjsCNf7KReGTPrX5eWXHCcn26AbvATO1C7sKTM",
					"protocol": "http",
					"host": [
						"127",
						"0",
						"0",
						"1"
					],
					"port": "5000",
					"path": [
						"",
						"verify-email",
						"eyJhbGciOiJIUzI1NiIsInR5cCI6IkpXVCJ9.eyJ1c2VyX2lkIjoiNjZmOGU2NGQwYjA1ZTUwNjhhMWVkYzQ5IiwiZXhwIjoxNzI3Njc0Mzg3fQ.6BmibkjsCNf7KReGTPrX5eWXHCcn26AbvATO1C7sKTM"
					]
				}
			},
			"response": []
		},
		{
			"name": "Verify Email Expired",
			"event": [
				{
					"listen": "test",
					"script": {
						"exec": [
							"pm.test(\"Email verify expired link\", function () {\r",
							"    var jsonData = pm.response.json();\r",
							"    pm.expect(jsonData.message).to.eql(\"Verification link has expired\");\r",
							"});"
						],
						"type": "text/javascript",
						"packages": {}
					}
				}
			],
			"request": {
				"method": "GET",
				"header": [],
				"url": {
					"raw": "http://127.0.0.1:5000//verify-email/eyJhbGciOiJIUzI1NiIsInR5cCI6IkpXVCJ9.eyJ1c2VyX2lkIjoxMjIxLCJleHAiOjE3Mjc1ODU4NDh9.34poxJ8GB1j1_-hrxa94qaXzMuR4mr7tZoLtx9tk2qc",
					"protocol": "http",
					"host": [
						"127",
						"0",
						"0",
						"1"
					],
					"port": "5000",
					"path": [
						"",
						"verify-email",
						"eyJhbGciOiJIUzI1NiIsInR5cCI6IkpXVCJ9.eyJ1c2VyX2lkIjoxMjIxLCJleHAiOjE3Mjc1ODU4NDh9.34poxJ8GB1j1_-hrxa94qaXzMuR4mr7tZoLtx9tk2qc"
					]
				}
			},
			"response": []
		},
		{
			"name": "Verify Email Invalid",
			"event": [
				{
					"listen": "test",
					"script": {
						"exec": [
							"pm.test(\"Email verify Invalid link\", function () {\r",
							"    var jsonData = pm.response.json();\r",
							"    pm.expect(jsonData.message).to.eql(\"Invalid verification link\");\r",
							"});"
						],
						"type": "text/javascript",
						"packages": {}
					}
				}
			],
			"request": {
				"method": "GET",
				"header": [],
				"url": {
					"raw": "http://127.0.0.1:5000//verify-email/invalid",
					"protocol": "http",
					"host": [
						"127",
						"0",
						"0",
						"1"
					],
					"port": "5000",
					"path": [
						"",
						"verify-email",
						"invalid"
					]
				}
			},
			"response": []
		},
		{
			"name": "Upload",
			"event": [
				{
					"listen": "test",
					"script": {
						"exec": [
							"pm.test(\"File Upload\", function () {\r",
							"    var jsonData = pm.response.json();\r",
							"    pm.response.to.have.status(201);\r",
							"    pm.expect(jsonData.file_id).to.not.undefined;\r",
							"});"
						],
						"type": "text/javascript",
						"packages": {}
					}
				}
			],
			"request": {
				"auth": {
					"type": "noauth"
				},
				"method": "POST",
				"header": [
					{
						"key": "Authorization",
						"value": "eyJhbGciOiJIUzI1NiIsInR5cCI6IkpXVCJ9.eyJ1c2VyX2lkIjoiNjZmNzhiM2MyMzQ0MmJkYjdlNDVjNjlkIiwiZXhwIjoxNzI3NjcyNjk5fQ.qJ9I98PnuK0wumDoBsr73g5yY5qQy6E1XzT5IThenqo",
						"type": "text"
					}
				],
				"body": {
					"mode": "formdata",
					"formdata": [
						{
							"key": "file",
							"type": "file",
							"src": "postman-cloud:///1ef7e201-1526-4340-9f65-12f39007d2eb"
						}
					]
				},
				"url": {
					"raw": "http://127.0.0.1:5000/upload",
					"protocol": "http",
					"host": [
						"127",
						"0",
						"0",
						"1"
					],
					"port": "5000",
					"path": [
						"upload"
					]
				}
			},
			"response": []
		},
		{
			"name": "Upload Not Ops",
			"event": [
				{
					"listen": "test",
					"script": {
						"exec": [
							"pm.test(\"File Upload not ops\", function () {\r",
							"    var jsonData = pm.response.json();\r",
							"    pm.response.to.have.status(403);\r",
							"    pm.expect(jsonData.message).to.eql(\"You are not allowed to upload files\");\r",
							"});"
						],
						"type": "text/javascript",
						"packages": {}
					}
				}
			],
			"request": {
				"auth": {
					"type": "noauth"
				},
				"method": "POST",
				"header": [
					{
						"key": "Authorization",
						"value": "eyJhbGciOiJIUzI1NiIsInR5cCI6IkpXVCJ9.eyJ1c2VyX2lkIjoiNjZmOGUxNDMwYjA1ZTUwNjhhMWVkYzQ4IiwiZXhwIjoxNzI3NjczMDU1fQ.WVDRUcdBSBRZGJR8QFrC2sQBkgDTJknNiQZ4Dh5-ugE",
						"type": "text"
					}
				],
				"body": {
					"mode": "formdata",
					"formdata": [
						{
							"key": "file",
							"type": "file",
							"src": "postman-cloud:///1ef7e201-1526-4340-9f65-12f39007d2eb"
						}
					]
				},
				"url": {
					"raw": "http://127.0.0.1:5000/upload",
					"protocol": "http",
					"host": [
						"127",
						"0",
						"0",
						"1"
					],
					"port": "5000",
					"path": [
						"upload"
					]
				}
			},
			"response": []
		},
		{
			"name": "Upload Invalid File",
			"event": [
				{
					"listen": "test",
					"script": {
						"exec": [
							"pm.test(\"Incorrect file type\", function () {\r",
							"    var jsonData = pm.response.json();\r",
							"    pm.response.to.have.status(400);\r",
							"    pm.expect(jsonData.message).to.eql(\"Allowed file types are pptx, docx, xlsx\");\r",
							"});"
						],
						"type": "text/javascript",
						"packages": {}
					}
				}
			],
			"request": {
				"method": "POST",
				"header": [
					{
						"key": "Authorization",
						"value": "eyJhbGciOiJIUzI1NiIsInR5cCI6IkpXVCJ9.eyJ1c2VyX2lkIjoiNjZmNzhiM2MyMzQ0MmJkYjdlNDVjNjlkIiwiZXhwIjoxNzI3NjcyNjk5fQ.qJ9I98PnuK0wumDoBsr73g5yY5qQy6E1XzT5IThenqo",
						"type": "text"
					}
				],
				"body": {
					"mode": "formdata",
					"formdata": [
						{
							"key": "file",
							"type": "file",
							"src": "postman-cloud:///1ef7db85-9238-4810-bb6d-39f443b59c2f"
						}
					]
				},
				"url": {
					"raw": "http://127.0.0.1:5000/upload",
					"protocol": "http",
					"host": [
						"127",
						"0",
						"0",
						"1"
					],
					"port": "5000",
					"path": [
						"upload"
					]
				}
			},
			"response": []
		},
		{
			"name": "Upload No File",
			"event": [
				{
					"listen": "test",
					"script": {
						"exec": [
							"pm.test(\"No file\", function () {\r",
							"    var jsonData = pm.response.json();\r",
							"    pm.response.to.have.status(400);\r",
							"    pm.expect(jsonData.message).to.eql(\"No file selected for uploading\");\r",
							"});"
						],
						"type": "text/javascript",
						"packages": {}
					}
				}
			],
			"request": {
				"auth": {
					"type": "noauth"
				},
				"method": "POST",
				"header": [
					{
						"key": "Authorization",
						"value": "eyJhbGciOiJIUzI1NiIsInR5cCI6IkpXVCJ9.eyJ1c2VyX2lkIjoiNjZmNzhiM2MyMzQ0MmJkYjdlNDVjNjlkIiwiZXhwIjoxNzI3NjcyNjk5fQ.qJ9I98PnuK0wumDoBsr73g5yY5qQy6E1XzT5IThenqo",
						"type": "text"
					}
				],
				"body": {
					"mode": "formdata",
					"formdata": []
				},
				"url": {
					"raw": "http://127.0.0.1:5000/upload",
					"protocol": "http",
					"host": [
						"127",
						"0",
						"0",
						"1"
					],
					"port": "5000",
					"path": [
						"upload"
					]
				}
			},
			"response": []
		},
		{
			"name": "Get Files",
			"event": [
				{
					"listen": "test",
					"script": {
						"exec": [
							"pm.test(\"List Files\", function () {\r",
							"    pm.response.to.have.status(200);\r",
							"});"
						],
						"type": "text/javascript",
						"packages": {}
					}
				}
			],
			"request": {
				"method": "GET",
				"header": [
					{
						"key": "Authorization",
						"value": "eyJhbGciOiJIUzI1NiIsInR5cCI6IkpXVCJ9.eyJ1c2VyX2lkIjoiNjZmNzhiM2MyMzQ0MmJkYjdlNDVjNjlkIiwiZXhwIjoxNzI3NjcyNjk5fQ.qJ9I98PnuK0wumDoBsr73g5yY5qQy6E1XzT5IThenqo",
						"type": "text"
					}
				],
				"url": {
					"raw": "http://127.0.0.1:5000/files",
					"protocol": "http",
					"host": [
						"127",
						"0",
						"0",
						"1"
					],
					"port": "5000",
					"path": [
						"files"
					]
				}
			},
			"response": []
		},
		{
			"name": "Generate Link",
			"event": [
				{
					"listen": "test",
					"script": {
						"exec": [
							"pm.test(\"Generate link\", function () {\r",
							"    var jsonData = pm.response.json();\r",
							"    pm.expect(jsonData.download_link).to.not.undefined;\r",
							"    pm.expect(jsonData.message).to.eql(\"Link successfully generated. Valid for 60 minutes.\");\r",
							"});"
						],
						"type": "text/javascript",
						"packages": {}
					}
				}
			],
			"request": {
				"method": "GET",
				"header": [
					{
						"key": "Authorization",
						"value": "eyJhbGciOiJIUzI1NiIsInR5cCI6IkpXVCJ9.eyJ1c2VyX2lkIjoiNjZmNzhiM2MyMzQ0MmJkYjdlNDVjNjlkIiwiZXhwIjoxNzI3NjcyNjk5fQ.qJ9I98PnuK0wumDoBsr73g5yY5qQy6E1XzT5IThenqo",
						"type": "text"
					}
				],
				"url": {
					"raw": "http://127.0.0.1:5000/download/17d1797b-acca-4221-9c95-e3fe7c0bcdd2",
					"protocol": "http",
					"host": [
						"127",
						"0",
						"0",
						"1"
					],
					"port": "5000",
					"path": [
						"download",
						"17d1797b-acca-4221-9c95-e3fe7c0bcdd2"
					]
				}
			},
			"response": []
		},
		{
			"name": "Generate Link Invalid ID",
			"event": [
				{
					"listen": "test",
					"script": {
						"exec": [
							"pm.test(\"Generate link invalid id\", function () {\r",
							"    var jsonData = pm.response.json();\r",
							"    pm.expect(jsonData.message).to.eql(\"File not found\");\r",
							"});"
						],
						"type": "text/javascript",
						"packages": {}
					}
				}
			],
			"request": {
				"method": "GET",
				"header": [
					{
						"key": "Authorization",
						"value": "eyJhbGciOiJIUzI1NiIsInR5cCI6IkpXVCJ9.eyJ1c2VyX2lkIjoiNjZmNzhiM2MyMzQ0MmJkYjdlNDVjNjlkIiwiZXhwIjoxNzI3NjcyNjk5fQ.qJ9I98PnuK0wumDoBsr73g5yY5qQy6E1XzT5IThenqo",
						"type": "text"
					}
				],
				"url": {
					"raw": "http://127.0.0.1:5000/download/invalid-id",
					"protocol": "http",
					"host": [
						"127",
						"0",
						"0",
						"1"
					],
					"port": "5000",
					"path": [
						"download",
						"invalid-id"
					]
				}
			},
			"response": []
		},
		{
			"name": "Download Link",
			"event": [
				{
					"listen": "test",
					"script": {
						"exec": [
							"pm.test(\"Secure download\", function () {\r",
							"    pm.response.to.have.status(200)\r",
							"});"
						],
						"type": "text/javascript",
						"packages": {}
					}
				}
			],
			"request": {
				"method": "GET",
				"header": [
					{
						"key": "Authorization",
						"value": "eyJhbGciOiJIUzI1NiIsInR5cCI6IkpXVCJ9.eyJ1c2VyX2lkIjoiNjZmNzhiM2MyMzQ0MmJkYjdlNDVjNjlkIiwiZXhwIjoxNzI3NjcyNjk5fQ.qJ9I98PnuK0wumDoBsr73g5yY5qQy6E1XzT5IThenqo",
						"type": "text"
					}
				],
				"url": {
					"raw": "http://127.0.0.1:5000/secure-download/eyJhbGciOiJIUzI1NiIsInR5cCI6IkpXVCJ9.eyJmaWxlX2lkIjoiMTdkMTc5N2ItYWNjYS00MjIxLTljOTUtZTNmZTdjMGJjZGQyIiwidXNlcl9pZCI6IjY2Zjc4YjNjMjM0NDJiZGI3ZTQ1YzY5ZCIsImV4cCI6MTcyNzU5MTIzNH0.OYfS_3h0L1AkUMPEoyH2zTKglux_7VhCZhDNxTjWQ3E",
					"protocol": "http",
					"host": [
						"127",
						"0",
						"0",
						"1"
					],
					"port": "5000",
					"path": [
						"secure-download",
						"eyJhbGciOiJIUzI1NiIsInR5cCI6IkpXVCJ9.eyJmaWxlX2lkIjoiMTdkMTc5N2ItYWNjYS00MjIxLTljOTUtZTNmZTdjMGJjZGQyIiwidXNlcl9pZCI6IjY2Zjc4YjNjMjM0NDJiZGI3ZTQ1YzY5ZCIsImV4cCI6MTcyNzU5MTIzNH0.OYfS_3h0L1AkUMPEoyH2zTKglux_7VhCZhDNxTjWQ3E"
					]
				}
			},
			"response": []
		},
		{
			"name": "Download Link Expired",
			"event": [
				{
					"listen": "test",
					"script": {
						"exec": [
							"pm.test(\"Download link expired\", function () {\r",
							"    var jsonData = pm.response.json();\r",
							"    pm.response.to.have.status(400)\r",
							"    pm.expect(jsonData.message).to.eql(\"Download link has expired\");\r",
							"});"
						],
						"type": "text/javascript",
						"packages": {}
					}
				}
			],
			"request": {
				"method": "GET",
				"header": [
					{
						"key": "Authorization",
						"value": "eyJhbGciOiJIUzI1NiIsInR5cCI6IkpXVCJ9.eyJ1c2VyX2lkIjoiNjZmNzhiM2MyMzQ0MmJkYjdlNDVjNjlkIiwiZXhwIjoxNzI3NjcyNjk5fQ.qJ9I98PnuK0wumDoBsr73g5yY5qQy6E1XzT5IThenqo",
						"type": "text"
					}
				],
				"url": {
					"raw": "http://127.0.0.1:5000/secure-download/eyJhbGciOiJIUzI1NiIsInR5cCI6IkpXVCJ9.eyJmaWxlX2lkIjoiMTdkMTc5N2ItYWNjYS00MjIxLTljOTUtZTNmZTdjMGJjZGQyIiwidXNlcl9pZCI6IjY2Zjc4YjNjMjM0NDJiZGI3ZTQ1YzY5ZCIsImV4cCI6MTcyNzUwNTk1N30.cISkk6W_5whSX2DD82EzwLw5QewjsoeX2wGvOwxQmWo",
					"protocol": "http",
					"host": [
						"127",
						"0",
						"0",
						"1"
					],
					"port": "5000",
					"path": [
						"secure-download",
						"eyJhbGciOiJIUzI1NiIsInR5cCI6IkpXVCJ9.eyJmaWxlX2lkIjoiMTdkMTc5N2ItYWNjYS00MjIxLTljOTUtZTNmZTdjMGJjZGQyIiwidXNlcl9pZCI6IjY2Zjc4YjNjMjM0NDJiZGI3ZTQ1YzY5ZCIsImV4cCI6MTcyNzUwNTk1N30.cISkk6W_5whSX2DD82EzwLw5QewjsoeX2wGvOwxQmWo"
					]
				}
			},
			"response": []
		},
		{
			"name": "Download Link Invalid",
			"event": [
				{
					"listen": "test",
					"script": {
						"exec": [
							"pm.test(\"Download link invalid\", function () {\r",
							"    var jsonData = pm.response.json();\r",
							"    pm.response.to.have.status(400)\r",
							"    pm.expect(jsonData.message).to.eql(\"Invalid download link\");\r",
							"});"
						],
						"type": "text/javascript",
						"packages": {}
					}
				}
			],
			"request": {
				"method": "GET",
				"header": [
					{
						"key": "Authorization",
						"value": "eyJhbGciOiJIUzI1NiIsInR5cCI6IkpXVCJ9.eyJ1c2VyX2lkIjoiNjZmNzhiM2MyMzQ0MmJkYjdlNDVjNjlkIiwiZXhwIjoxNzI3NjcyNjk5fQ.qJ9I98PnuK0wumDoBsr73g5yY5qQy6E1XzT5IThenqo",
						"type": "text"
					}
				],
				"url": {
					"raw": "http://127.0.0.1:5000/secure-download/invalid-link",
					"protocol": "http",
					"host": [
						"127",
						"0",
						"0",
						"1"
					],
					"port": "5000",
					"path": [
						"secure-download",
						"invalid-link"
					]
				}
			},
			"response": []
		}
	],
	"event": [
		{
			"listen": "prerequest",
			"script": {
				"type": "text/javascript",
				"packages": {},
				"exec": [
					""
				]
			}
		},
		{
			"listen": "test",
			"script": {
				"type": "text/javascript",
				"packages": {},
				"exec": [
					""
				]
			}
		}
	]
}